nick,william,
mod,mod,0
uo2,uo2,0
uo2,uo2,0
uo2,uo2,0
uo2,uo2,0
uo2,uo2,0
uo2,uo2,0
uo2,uo2,0
uo2,uo2,0
uo2,uo2,0
uo2,uo2,0
uo2,uo2,0
uo2,uo2,0
mod,mod,0
mod,mod,0
uo2,uo2,0
uo2,uo2,0
uo2,uo2,0
uo2,uo2,0
uo2,uo2,0
uo2,uo2,0
uo2,uo2,0
uo2,uo2,0
uo2,uo2,0
uo2,uo2,0
uo2,uo2,0
uo2,uo2,0
mod,mod,0
mod,mod,0
gt,gt,0
gt,gt,0
gt,gt,0
gt,gt,0
gt,gt,0
gt,gt,0
gt,gt,0
gt,gt,0
gt,gt,0
gt,gt,0
gt,gt,0
gt,gt,0
mod,mod,0
mod,mod,0
uo2,uo2,0
uo2,uo2,0
uo2,uo2,0
uo2,uo2,0
uo2,uo2,0
uo2,uo2,0
uo2,uo2,0
uo2,uo2,0
uo2,uo2,0
uo2,uo2,0
uo2,uo2,0
uo2,uo2,0
mod,mod,0
mod,mod,0
uo2,uo2,0
uo2,uo2,0
uo2,uo2,0
uo2,uo2,0
uo2,uo2,0
uo2,uo2,0
uo2,uo2,0
uo2,uo2,0
uo2,uo2,0
uo2,uo2,0
uo2,uo2,0
uo2,uo2,0
mod,mod,0
mod,mod,0
gt,gt,0
gt,gt,0
gt,gt,0
gt,gt,0
gt,gt,0
gt,gt,0
gt,gt,0
gt,gt,0
gt,gt,0
gt,gt,0
gt,gt,0
gt,gt,0
mod,mod,0
mod,mod,0
uo2,uo2,0
uo2,uo2,0
uo2,uo2,0
uo2,uo2,0
uo2,uo2,0
uo2,uo2,0
uo2,uo2,0
uo2,uo2,0
uo2,uo2,0
uo2,uo2,0
uo2,uo2,0
uo2,uo2,0
mod,mod,0
mod,mod,0
uo2,uo2,0
uo2,uo2,0
uo2,uo2,0
uo2,uo2,0
uo2,uo2,0
uo2,uo2,0
uo2,uo2,0
uo2,uo2,0
uo2,uo2,0
uo2,uo2,0
uo2,uo2,0
uo2,uo2,0
mod,mod,0
mod,mod,0
gt,gt,0
gt,gt,0
gt,gt,0
gt,gt,0
gt,gt,0
gt,gt,0
gt,gt,0
gt,gt,0
gt,gt,0
gt,gt,0
gt,gt,0
gt,gt,0
mod,mod,0
mod,mod,0
uo2,uo2,0
uo2,uo2,0
uo2,uo2,0
uo2,uo2,0
uo2,uo2,0
uo2,uo2,0
uo2,uo2,0
uo2,uo2,0
uo2,uo2,0
uo2,uo2,0
uo2,uo2,0
uo2,uo2,0
mod,mod,0
mod,mod,0
uo2,uo2,0
uo2,uo2,0
uo2,uo2,0
uo2,uo2,0
uo2,uo2,0
uo2,uo2,0
uo2,uo2,0
uo2,uo2,0
uo2,uo2,0
uo2,uo2,0
uo2,uo2,0
uo2,uo2,0
mod,mod,0
mod,mod,0
gt,gt,0
gt,gt,0
gt,gt,0
gt,gt,0
gt,gt,0
gt,gt,0
gt,gt,0
gt,gt,0
gt,gt,0
gt,gt,0
gt,gt,0
gt,gt,0
mod,mod,0
mod,mod,0
uo2,uo2,0
uo2,uo2,0
uo2,uo2,0
uo2,uo2,0
uo2,uo2,0
uo2,uo2,0
uo2,uo2,0
uo2,uo2,0
uo2,uo2,0
uo2,uo2,0
uo2,uo2,0
uo2,uo2,0
mod,mod,0
mod,mod,0
uo2,uo2,0
uo2,uo2,0
uo2,uo2,0
uo2,uo2,0
uo2,uo2,0
uo2,uo2,0
uo2,uo2,0
uo2,uo2,0
uo2,uo2,0
uo2,uo2,0
uo2,uo2,0
uo2,uo2,0
mod,mod,0
mod,mod,0
gt,gt,0
gt,gt,0
gt,gt,0
gt,gt,0
gt,gt,0
gt,gt,0
gt,gt,0
gt,gt,0
gt,gt,0
gt,gt,0
gt,gt,0
gt,gt,0
mod,mod,0
mod,mod,0
uo2,uo2,0
uo2,uo2,0
uo2,uo2,0
uo2,uo2,0
uo2,uo2,0
uo2,uo2,0
uo2,uo2,0
uo2,uo2,0
uo2,uo2,0
uo2,uo2,0
uo2,uo2,0
uo2,uo2,0
mod,mod,0
mod,mod,0
uo2,uo2,0
uo2,uo2,0
uo2,uo2,0
uo2,uo2,0
uo2,uo2,0
uo2,uo2,0
uo2,uo2,0
uo2,uo2,0
uo2,uo2,0
uo2,uo2,0
uo2,uo2,0
uo2,uo2,0
mod,mod,0
mod,mod,0
m43,m43,0
m43,m43,0
m43,m43,0
m43,m43,0
m43,m43,0
m43,m43,0
m43,m43,0
m43,m43,0
m43,m43,0
m43,m43,0
m43,m43,0
m43,m43,0
mod,mod,0
mod,mod,0
m70,m70,0
m70,m70,0
m70,m70,0
m70,m70,0
m70,m70,0
m70,m70,0
m70,m70,0
m70,m70,0
m70,m70,0
m70,m70,0
m70,m70,0
m70,m70,0
mod,mod,0
mod,mod,0
gt,gt,0
gt,gt,0
gt,gt,0
gt,gt,0
gt,gt,0
gt,gt,0
gt,gt,0
gt,gt,0
gt,gt,0
gt,gt,0
gt,gt,0
gt,gt,0
mod,mod,0
mod,mod,0
m87,m87,0
m87,m87,0
m87,m87,0
m87,m87,0
m87,m87,0
m87,m87,0
m87,m87,0
m87,m87,0
m87,m87,0
m87,m87,0
m87,m87,0
m87,m87,0
mod,mod,0
mod,mod,0
m87,m87,0
m87,m87,0
m87,m87,0
m87,m87,0
m87,m87,0
m87,m87,0
m87,m87,0
m87,m87,0
m87,m87,0
m87,m87,0
m87,m87,0
m87,m87,0
mod,mod,0
mod,mod,0
gt,gt,0
gt,gt,0
gt,gt,0
gt,gt,0
gt,gt,0
gt,gt,0
gt,gt,0
gt,gt,0
gt,gt,0
gt,gt,0
gt,gt,0
gt,gt,0
mod,mod,0
mod,mod,0
m87,m87,0
m87,m87,0
m87,m87,0
m87,m87,0
m87,m87,0
m87,m87,0
m87,m87,0
m87,m87,0
m87,m87,0
m87,m87,0
m87,m87,0
m87,m87,0
mod,mod,0
mod,mod,0
m87,m87,0
m87,m87,0
m87,m87,0
m87,m87,0
m87,m87,0
m87,m87,0
m87,m87,0
m87,m87,0
m87,m87,0
m87,m87,0
m87,m87,0
m87,m87,0
mod,mod,0
mod,mod,0
gt,gt,0
gt,gt,0
gt,gt,0
gt,gt,0
gt,gt,0
gt,gt,0
gt,gt,0
gt,gt,0
gt,gt,0
gt,gt,0
gt,gt,0
gt,gt,0
mod,mod,0
mod,mod,0
m87,m87,0
m87,m87,0
m87,m87,0
m87,m87,0
m87,m87,0
m87,m87,0
m87,m87,0
m87,m87,0
m87,m87,0
m87,m87,0
m87,m87,0
m87,m87,0
mod,mod,0
mod,mod,0
m87,m87,0
m87,m87,0
m87,m87,0
m87,m87,0
m87,m87,0
m87,m87,0
m87,m87,0
m87,m87,0
m87,m87,0
m87,m87,0
m87,m87,0
m87,m87,0
mod,mod,0
mod,mod,0
gt,gt,0
gt,gt,0
gt,gt,0
gt,gt,0
gt,gt,0
gt,gt,0
gt,gt,0
gt,gt,0
gt,gt,0
gt,gt,0
gt,gt,0
gt,gt,0
mod,mod,0
mod,mod,0
m87,m87,0
m87,m87,0
m87,m87,0
m87,m87,0
m87,m87,0
m87,m87,0
m87,m87,0
m87,m87,0
m87,m87,0
m87,m87,0
m87,m87,0
m87,m87,0
mod,mod,0
mod,mod,0
m87,m87,0
m87,m87,0
m87,m87,0
m87,m87,0
m87,m87,0
m87,m87,0
m87,m87,0
m87,m87,0
m87,m87,0
m87,m87,0
m87,m87,0
m87,m87,0
mod,mod,0
mod,mod,0
gt,gt,0
gt,gt,0
gt,gt,0
gt,gt,0
gt,gt,0
gt,gt,0
gt,gt,0
gt,gt,0
gt,gt,0
gt,gt,0
gt,gt,0
gt,gt,0
mod,mod,0
mod,mod,0
m70,m70,0
m70,m70,0
m70,m70,0
m70,m70,0
m70,m70,0
m70,m70,0
m70,m70,0
m70,m70,0
m70,m70,0
m70,m70,0
m70,m70,0
m70,m70,0
mod,mod,0
mod,mod,0
m43,m43,0
m43,m43,0
m43,m43,0
m43,m43,0
m43,m43,0
m43,m43,0
m43,m43,0
m43,m43,0
m43,m43,0
m43,m43,0
m43,m43,0
m43,m43,0
mod,mod,0
mod,mod,0
mod,mod,0
mod,mod,0
mod,mod,0
mod,mod,0
mod,mod,0
mod,mod,0
mod,mod,0
mod,mod,0
mod,mod,0
mod,mod,0
mod,mod,0
mod,mod,0
mod,mod,0
mod,mod,0
mod,mod,0
mod,mod,0
mod,mod,0
mod,mod,0
mod,mod,0
mod,mod,0
mod,mod,0
mod,mod,0
mod,mod,0
mod,mod,0
mod,mod,0
mod,mod,0
mod,mod,0
mod,mod,0
mod,mod,0
mod,mod,0
mod,mod,0
mod,mod,0
mod,mod,0
mod,mod,0
mod,mod,0
mod,mod,0
mod,mod,0
mod,mod,0
mod,mod,0
mod,mod,0
mod,mod,0
mod,mod,0
mod,mod,0
mod,mod,0
mod,mod,0
mod,mod,0
mod,mod,0
mod,mod,0
mod,mod,0
mod,mod,0
mod,mod,0
mod,mod,0
mod,mod,0
mod,mod,0
mod,mod,0
mod,mod,0
mod,mod,0
mod,mod,0
mod,mod,0
mod,mod,0
mod,mod,0
mod,mod,0
mod,mod,0
mod,mod,0
mod,mod,0
mod,mod,0
mod,mod,0
mod,mod,0
mod,mod,0
mod,mod,0
mod,mod,0
mod,mod,0
mod,mod,0
mod,mod,0
mod,mod,0
mod,mod,0
mod,mod,0
mod,mod,0
mod,mod,0
mod,mod,0
mod,mod,0
mod,mod,0
mod,mod,0
mod,mod,0
mod,mod,0
mod,mod,0
mod,mod,0
mod,mod,0
mod,mod,0
mod,mod,0
mod,mod,0
mod,mod,0
mod,mod,0
mod,mod,0
mod,mod,0
mod,mod,0
mod,mod,0
mod,mod,0
mod,mod,0
mod,mod,0
mod,mod,0
mod,mod,0
mod,mod,0
mod,mod,0
mod,mod,0
mod,mod,0
mod,mod,0
mod,mod,0
mod,mod,0
mod,mod,0
mod,mod,0
mod,mod,0
mod,mod,0
mod,mod,0
mod,mod,0
mod,mod,0
mod,mod,0
mod,mod,0
mod,mod,0
mod,mod,0
mod,mod,0
mod,mod,0
mod,mod,0
mod,mod,0
mod,mod,0
mod,mod,0
mod,mod,0
mod,mod,0
mod,mod,0
mod,mod,0
mod,mod,0
mod,mod,0
mod,mod,0
mod,mod,0
mod,mod,0
mod,mod,0
mod,mod,0
mod,mod,0
mod,mod,0
mod,mod,0
mod,mod,0
mod,mod,0
mod,mod,0
mod,mod,0
mod,mod,0
mod,mod,0
mod,mod,0
mod,mod,0
mod,mod,0
mod,mod,0
mod,mod,0
mod,mod,0
mod,mod,0
mod,mod,0
mod,mod,0
mod,mod,0
mod,mod,0
mod,mod,0
mod,mod,0
mod,mod,0
mod,mod,0
mod,mod,0
mod,mod,0
mod,mod,0
mod,mod,0
mod,mod,0
mod,mod,0
mod,mod,0
mod,mod,0
mod,mod,0
mod,mod,0
mod,mod,0
mod,mod,0
mod,mod,0
mod,mod,0
mod,mod,0
mod,mod,0
mod,mod,0
mod,mod,0
mod,mod,0
mod,mod,0
mod,mod,0
mod,mod,0
mod,mod,0
mod,mod,0
mod,mod,0
mod,mod,0
mod,mod,0
mod,mod,0
mod,mod,0
mod,mod,0
mod,mod,0
mod,mod,0
mod,mod,0
mod,mod,0
mod,mod,0
mod,mod,0
mod,mod,0
mod,mod,0
mod,mod,0
mod,mod,0
mod,mod,0
mod,mod,0
mod,mod,0
mod,mod,0
mod,mod,0
mod,mod,0
mod,mod,0
mod,mod,0
mod,mod,0
mod,mod,0
mod,mod,0
mod,mod,0
mod,mod,0
mod,mod,0
mod,mod,0
mod,mod,0
mod,mod,0
mod,mod,0
mod,mod,0
mod,mod,0
mod,mod,0
mod,mod,0
mod,mod,0
mod,mod,0
mod,mod,0
mod,mod,0
mod,mod,0
mod,mod,0
mod,mod,0
mod,mod,0
mod,mod,0
mod,mod,0
mod,mod,0
mod,mod,0
mod,mod,0
mod,mod,0
